,Business,Business ID,City,State,Category,Latitude,Longitude,Price,Reviews,Rating
0,Diesel and Duke,IOyhF0TRcIFm5dwdIsUjVA,New Brunswick,NJ,Burgers,40.4997241,-74.4532267,$,176,4.5
1,418 Burgers,hmrXk8jrLredlvQmcYtvjA,Highland Park,NJ,American (Traditional),40.49993610299,-74.4253161549568,$,165,4.5
2,Seed Burger,Gh35sccryAIodatISAUKJg,New Brunswick,NJ,Burgers,40.49993,-74.45495,$$,54,4.5
3,Elevation Burger,QatkL63akw5foYQIcEzq_g,New Brunswick,NJ,Burgers,40.499325,-74.448637,0,34,3.5
4,White Rose Burgers,sDFz3CorqCqxTL9_HFPRMg,Highland Park,NJ,Burgers,40.502314,-74.415314,$,207,4.0
5,The Blue Horse,im0lceO_PEluTMZdcrC3uA,Highland Park,NJ,Diners,40.4992115419489,-74.4281546026468,$$,74,4.0
6,Tavern on George,wM8fhnGuFGKrgPWpoVV77Q,New Brunswick,NJ,Bars,40.49497,-74.44359,$$,83,4.0
7,Burgerim,Mr5g_xDNl1ghk8bRa0m79Q,New Brunswick,NJ,Burgers,40.49798,-74.44832,0,22,2.5
8,25 Burgers & Pizza,hSY-Fy7WrouIfm4BOqrC7g,New Brunswick,NJ,Burgers,40.4966223,-74.4468286,$,141,3.0
9,Destination Dogs,SVWxU5obi6tnHIGVl2a5fQ,New Brunswick,NJ,Hot Dogs,40.4947108291364,-74.4481708172015,$$,869,4.5
10,Zinburger Wine & Burger Bar,pJ7rVXvAmUjrFpBDvTNMRQ,Edison,NJ,Wine Bars,40.516728,-74.372622,$$,349,3.5
11,Fritz's Restaurant,KpJKPYcH9V37JE5gsWz0yQ,New Brunswick,NJ,American (Traditional),40.4992391255818,-74.451983932837,$,241,4.5
12,Smashburger,d8pOa2NMk8HGdefVon-CwA,North Brunswick,NJ,Burgers,40.4620365252511,-74.4605427027242,$$,102,3.5
13,INC American Bar & Kitchen,S9qg-6LQtkk99kBHZLv1Jg,New Brunswick,NJ,American (New),40.4925980248019,-74.4435093298896,$$,229,4.0
14,30 Burgers,cSLYiw4NLrgnDbtc_0k9Jw,East Brunswick,NJ,Burgers,40.45422,-74.39928,$,54,4.0
15,Five Guys,5yuZ8xyIcb11uNr8Y1XOug,North Brunswick,NJ,Burgers,40.4609401,-74.4587139,$$,37,3.5
16,Hansel 'n Griddle,t_adP1UMr8Hkjn3K--Y8Aw,New Brunswick,NJ,Sandwiches,40.4991354060364,-74.4527822900469,$,273,4.0
17,Elixir Bar & Grill,jakk8dqkNPArNqNg3mHeHA,Edison,NJ,Tex-Mex,40.5011909066979,-74.3927383121075,$$,152,4.0
18,Five Guys,ydINVSu6fYeLyoXH66P5-w,South Plainfield,NJ,Burgers,40.54962,-74.42569,$,39,4.0
19,Old Man Rafferty's,kPqMRmkKbz88cOJdcsifVA,New Brunswick,NJ,Bars,40.4965737,-74.4437916,$$,544,3.5
20,Stage Left Steak,DPyTHTX6jr1ND7PXYS9z4Q,New Brunswick,NJ,American (Traditional),40.493785005224,-74.4437874349408,$$$,187,3.5
21,Gio's Deli,fO4SH50_5yPL_8wsXwSLzg,New Brunswick,NJ,Wraps,40.495466,-74.444838,$$,10,4.0
22,Red Robin Gourmet Burgers and Brews,5INBYUVqCav0R0ZTOG02Ng,South Plainfield,NJ,Burgers,40.55531,-74.430693,$$,162,3.0
23,Smashburger,5BDRCRNPCPGlWmNq_oNESw,East Brunswick,NJ,Burgers,40.434729749932,-74.3913401920461,$,130,3.0
24,Park Deli Too,AgV-hWpyt-a5hY15mmUh_Q,New Brunswick,NJ,Delis,40.48818,-74.439219,$,10,4.0
25,George Street Ale House,Wn4OJxDd4wZFAZet-eSrhw,New Brunswick,NJ,Gastropubs,40.49567,-74.44435,$$,245,3.5
26,"MOOYAH Burgers, Fries & Shakes",wHl41FX3fEHVQbEqeFAl7w,Franklin Township,NJ,Burgers,40.529237,-74.539237,$$,56,3.0
27,Harvest Moon Brewery / Cafe,JpQznQlrkgZQogLOQXH9mg,New Brunswick,NJ,Beer Bar,40.4961759134207,-74.4443214067832,$$,407,3.5
28,Park Place,jrancCVFAe3VGLnUM0cQaw,Highland Park,NJ,Kosher,40.498001,-74.431449,$$,18,3.0
29,White Castle,BFApZ1ZH4-dBU7lrVk15Ag,New Brunswick,NJ,Fast Food,40.4855431672125,-74.4713161793865,$,44,3.5
30,Clydz,MCn2ruEcchjL0UOqROaEMQ,New Brunswick,NJ,American (New),40.495089,-74.445487,$$,644,4.0
31,Scarlet 158 Deli,QoR7j4VW2PShyy9CTiGm1Q,New Brunswick,NJ,Delis,40.49829,-74.45765,0,3,4.5
32,Flame Kabob House,rpJhltERJlUuFcV3iQur7w,Franklin Township,NJ,Halal,40.51532,-74.48855,0,15,4.5
33,Veganized,QMBbqDZmYZc0dXFwBgf1_g,New Brunswick,NJ,Vegan,40.494828,-74.444994,$$,525,4.5
34,Five Guys,6Sleh5v7oAHCgfIoijtupg,East Brunswick,NJ,Burgers,40.428452,-74.3861491,$,12,4.0
35,PJ's Grill & Pizza,Sxl30p6GXmHfEmXzEPPsSQ,New Brunswick,NJ,Pizza,40.4998488455674,-74.4544027263963,$,120,4.0
36,Hub City Brewhouse,9LarearMJdGmt7lWY3OUtA,New Brunswick,NJ,Sports Bars,40.4942410909884,-74.4432822580296,$$,74,3.0
37,Twenty/20 Taphouse,plbuCrJd7_mlDLERvV-39Q,Somerset,NJ,Burgers,40.533787,-74.509521,$$,86,3.0
38,Golden Lion Inn,V406kWdv4-G-YBIEwc3i5g,Milltown,NJ,American (Traditional),40.45094,-74.43569,$,76,4.5
39,Jk Luncheonette and Grill,BqSvB1K3F3N60uyW1cCoog,New Brunswick,NJ,Breakfast & Brunch,40.49269,-74.44793,0,4,3.5
40,Judy's kitchen,aFhQeJQIrR1imAhjUMAccw,New Brunswick,NJ,Spanish,40.4979628408067,-74.451482825053,$,25,4.0
41,Changarro Las Rosas Chimi Pollo,YxwYAEilsW9n266B7Ko9gw,New Brunswick,NJ,Latin American,40.480004,-74.445358,0,1,5.0
42,Burgerim - Metuchen,o1Y-sXvZeNHhPgm_jr_N7w,Metuchen,NJ,Burgers,40.54079,-74.3675,0,19,2.5
43,Brick House Bar & Grill,zlLs4R_oYlcwgRLLGInVkg,Sayreville,NJ,Bars,40.45869,-74.35179,$$,45,3.5
44,Deccan Delights,V7EgzmIMisdYWVA8S07fUA,New Brunswick,NJ,Indian,40.49968,-74.45304,0,1,4.0
45,Red Robin Gourmet Burgers and Brews,4ZaL8izfckslCUWZJL_a2w,East Brunswick,NJ,Burgers,40.4237875523922,-74.3817118166718,$$,92,2.5
46,Burger King,3CMnG2QwW_iXTP-ZFIWDZw,New Brunswick,NJ,Burgers,40.49541,-74.44362,$,11,2.5
47,Gusto Grill,1QBqkHaHZf2WxdDG9olYtg,East Brunswick,NJ,Bars,40.419075,-74.374159,$$,348,4.0
48,Halal Boys,0C_UFtpdDNOg6V622PHfLQ,North Brunswick,NJ,Middle Eastern,40.458932727708,-74.4726570312134,$,40,4.0
49,Stuff Yer Face,-PlK17Po5nchDnqNoYG9xQ,New Brunswick,NJ,Pubs,40.4980567440164,-74.4489870653596,$$,600,3.5
